codigo_provincia;codigo_canton;codigo_parroquia;codigo_parroquia_total;nombre_provincia;nombre_canton;nombre_parroquia
01;01;50;010150;AZUAY;CUENCA;CUENCA
01;01;51;010151;AZUAY;CUENCA;BA벮S
01;01;52;010152;AZUAY;CUENCA;CUMBE
01;01;53;010153;AZUAY;CUENCA;CHAUCHA
01;01;54;010154;AZUAY;CUENCA;CHECA (JIDCAY)
01;01;55;010155;AZUAY;CUENCA;CHIQUINTAD
01;01;56;010156;AZUAY;CUENCA;LLACAO
01;01;57;010157;AZUAY;CUENCA;MOLLETURO
01;01;58;010158;AZUAY;CUENCA;NULTI
01;01;59;010159;AZUAY;CUENCA;OCTAVIO CORDERO PALACIOS (SANTA ROSA)
01;01;60;010160;AZUAY;CUENCA;PACCHA
01;01;61;010161;AZUAY;CUENCA;QUINGEO
01;01;62;010162;AZUAY;CUENCA;RICAURTE
01;01;63;010163;AZUAY;CUENCA;SAN JOAQUIN
01;01;64;010164;AZUAY;CUENCA;SANTA ANA
01;01;65;010165;AZUAY;CUENCA;SAYAUSI
01;01;66;010166;AZUAY;CUENCA;SIDCAY
01;01;67;010167;AZUAY;CUENCA;SININCAY
01;01;68;010168;AZUAY;CUENCA;TARQUI
01;01;69;010169;AZUAY;CUENCA;TURI
01;01;70;010170;AZUAY;CUENCA;VALLE
01;01;71;010171;AZUAY;CUENCA;VICTORIA DEL PORTETE (IRQUIS)
01;02;50;010250;AZUAY;GIRON;GIRON
01;02;51;010251;AZUAY;GIRON;ASUNCION
01;02;52;010252;AZUAY;GIRON;SAN GERARDO
01;03;50;010350;AZUAY;GUALACEO;GUALACEO
01;03;52;010352;AZUAY;GUALACEO;DANIEL CORDOVA TORAL (EL ORIENTE)
01;03;53;010353;AZUAY;GUALACEO;JADAN
01;03;54;010354;AZUAY;GUALACEO;MARIANO MORENO
01;03;56;010356;AZUAY;GUALACEO;REMIGIO CRESPO TORAL (GULAG)
01;03;57;010357;AZUAY;GUALACEO;SAN JUAN
01;03;58;010358;AZUAY;GUALACEO;ZHIDMAD
01;03;59;010359;AZUAY;GUALACEO;LUIS CORDERO VEGA
01;03;60;010360;AZUAY;GUALACEO;SIMON BOLIVAR (CAB. EN GA베NZOL)
01;04;50;010450;AZUAY;NABON;NABON
01;04;51;010451;AZUAY;NABON;COCHAPATA
01;04;52;010452;AZUAY;NABON;EL PROGRESO (CAB.EN ZHOTA)
01;04;53;010453;AZUAY;NABON;LAS NIEVES (CHAYA)
01;05;50;010550;AZUAY;PAUTE;PAUTE
01;05;52;010552;AZUAY;PAUTE;BULAN (JOSE VICTOR IZQUIERDO)
01;05;53;010553;AZUAY;PAUTE;CHICAN (GUILLERMO ORTEGA)
01;05;54;010554;AZUAY;PAUTE;EL CABO
01;05;56;010556;AZUAY;PAUTE;GUARAINAG
01;05;59;010559;AZUAY;PAUTE;SAN CRISTOBAL (CARLOS ORDO벤Z LAZO)
01;05;61;010561;AZUAY;PAUTE;TOMEBAMBA
01;05;62;010562;AZUAY;PAUTE;DUG DUG
01;06;50;010650;AZUAY;PUCARA;PUCARA
01;06;52;010652;AZUAY;PUCARA;SAN RAFAEL DE SHARUG
01;07;50;010750;AZUAY;SAN FERNANDO;SAN FERNANDO
01;07;51;010751;AZUAY;SAN FERNANDO;CHUMBLIN
01;08;50;010850;AZUAY;SANTA ISABEL;SANTA ISABEL
01;08;51;010851;AZUAY;SANTA ISABEL;ABDON CALDERON (LA UNION)
01;08;52;010852;AZUAY;SANTA ISABEL;EL CARMEN DE PIJILI
01;08;53;010853;AZUAY;SANTA ISABEL;ZHAGLLI (SHAGLLI)
01;09;50;010950;AZUAY;SIGSIG;SIGSIG
01;09;51;010951;AZUAY;SIGSIG;CUCHIL (CUTCHIL)
01;09;52;010952;AZUAY;SIGSIG;JIMA (GIMA)
01;09;53;010953;AZUAY;SIGSIG;GUEL
01;09;54;010954;AZUAY;SIGSIG;LUDO
01;09;55;010955;AZUAY;SIGSIG;SAN BARTOLOME
01;09;56;010956;AZUAY;SIGSIG;SAN JOSE DE RARANGA
01;10;50;011050;AZUAY;O베;SAN FELIPE DE O베
01;10;51;011051;AZUAY;O베;SUSUDEL
01;11;50;011150;AZUAY;CHORDELEG;CHORDELEG
01;11;51;011151;AZUAY;CHORDELEG;PRINCIPAL
01;11;52;011152;AZUAY;CHORDELEG;LA UNION
01;11;53;011153;AZUAY;CHORDELEG;LUIS GALARZA ORELLANA (CAB.EN DELEGSOL)
01;11;54;011154;AZUAY;CHORDELEG;SAN MARTIN DE PUZHIO
01;12;50;011250;AZUAY;EL PAN;EL PAN
01;12;53;011253;AZUAY;EL PAN;SAN VICENTE
01;13;50;011350;AZUAY;SEVILLA DE ORO;SEVILLA DE ORO
01;13;51;011351;AZUAY;SEVILLA DE ORO;AMALUZA
01;13;52;011352;AZUAY;SEVILLA DE ORO;PALMAS
01;14;50;011450;AZUAY;GUACHAPALA;GUACHAPALA
01;15;50;011550;AZUAY;CAMILO PONCE ENRIQUEZ;CAMILO PONCE ENRIQUEZ
02;01;50;020150;BOLIVAR;GUARANDA;GUARANDA
02;01;51;020151;BOLIVAR;GUARANDA;FACUNDO VELA
02;01;53;020153;BOLIVAR;GUARANDA;JULIO E. MORENO (CATANAHUAN GRANDE)
02;01;55;020155;BOLIVAR;GUARANDA;SALINAS
02;01;56;020156;BOLIVAR;GUARANDA;SAN LORENZO
02;01;57;020157;BOLIVAR;GUARANDA;SAN SIMON (YACOTO)
02;01;58;020158;BOLIVAR;GUARANDA;SANTAFE (SANTA FE)
02;01;59;020159;BOLIVAR;GUARANDA;SIMIATUG
02;01;60;020160;BOLIVAR;GUARANDA;SAN LUIS DE PAMBIL
02;02;50;020250;BOLIVAR;CHILLANES;CHILLANES
02;02;51;020251;BOLIVAR;CHILLANES;SAN JOSE DEL TAMBO (TAMBOPAMBA)
02;03;50;020350;BOLIVAR;CHIMBO;SAN JOSE DE CHIMBO
02;03;51;020351;BOLIVAR;CHIMBO;ASUNCION (ASANCOTO)
02;03;53;020353;BOLIVAR;CHIMBO;MAGDALENA (CHAPACOTO)
02;03;54;020354;BOLIVAR;CHIMBO;SAN SEBASTIAN
02;03;55;020355;BOLIVAR;CHIMBO;TELIMBELA
02;04;50;020450;BOLIVAR;ECHEANDIA;ECHEANDIA
02;05;50;020550;BOLIVAR;SAN MIGUEL;SAN MIGUEL
02;05;51;020551;BOLIVAR;SAN MIGUEL;BALSAPAMBA
02;05;52;020552;BOLIVAR;SAN MIGUEL;BILOVAN
02;05;53;020553;BOLIVAR;SAN MIGUEL;REGULO DE MORA
02;05;54;020554;BOLIVAR;SAN MIGUEL;SAN PABLO (SAN PABLO DE ATENAS)
02;05;55;020555;BOLIVAR;SAN MIGUEL;SANTIAGO
02;05;56;020556;BOLIVAR;SAN MIGUEL;SAN VICENTE
02;06;50;020650;BOLIVAR;CALUMA;CALUMA
02;07;50;020750;BOLIVAR;LAS NAVES;LAS NAVES
03;01;50;030150;CA베R;AZOGUES;AZOGUES
03;01;51;030151;CA베R;AZOGUES;COJITAMBO
03;01;53;030153;CA베R;AZOGUES;GUAPAN
03;01;54;030154;CA베R;AZOGUES;JAVIER LOYOLA (CHUQUIPATA)
03;01;55;030155;CA베R;AZOGUES;LUIS CORDERO
03;01;56;030156;CA베R;AZOGUES;PINDILIG
03;01;57;030157;CA베R;AZOGUES;RIVERA
03;01;58;030158;CA베R;AZOGUES;SAN MIGUEL
03;01;60;030160;CA베R;AZOGUES;TADAY
03;02;50;030250;CA베R;BIBLIAN;BIBLIAN
03;02;51;030251;CA베R;BIBLIAN;NAZON (CAB. EN PAMPA DE DOMINGUEZ)
03;02;52;030252;CA베R;BIBLIAN;SAN FRANCISCO DE SAGEO
03;02;53;030253;CA베R;BIBLIAN;TURUPAMBA
03;02;54;030254;CA베R;BIBLIAN;JERUSALEN
03;03;50;030350;CA베R;CA베R;CA베R
03;03;51;030351;CA베R;CA베R;CHONTAMARCA
03;03;52;030352;CA베R;CA베R;CHOROCOPTE
03;03;53;030353;CA베R;CA베R;GENERAL MORALES (SOCARTE)
03;03;54;030354;CA베R;CA베R;GUALLETURO
03;03;55;030355;CA베R;CA베R;HONORATO VASQUEZ (TAMBO VIEJO)
03;03;56;030356;CA베R;CA베R;INGAPIRCA
03;03;57;030357;CA베R;CA베R;JUNCAL
03;03;58;030358;CA베R;CA베R;SAN ANTONIO
03;03;61;030361;CA베R;CA베R;ZHUD
03;03;62;030362;CA베R;CA베R;VENTURA
03;03;63;030363;CA베R;CA베R;DUCUR
03;04;50;030450;CA베R;LA TRONCAL;LA TRONCAL
03;04;51;030451;CA베R;LA TRONCAL;MANUEL J. CALLE
03;04;52;030452;CA베R;LA TRONCAL;PANCHO NEGRO
03;05;50;030550;CA베R;EL TAMBO;EL TAMBO
03;06;50;030650;CA베R;DELEG;DELEG
03;06;51;030651;CA베R;DELEG;SOLANO
03;07;50;030750;CA베R;SUSCAL;SUSCAL
04;01;50;040150;CARCHI;TULCAN;TULCAN
04;01;51;040151;CARCHI;TULCAN;EL CARMELO (EL PUN)
04;01;53;040153;CARCHI;TULCAN;JULIO ANDRADE (OREJUELA)
04;01;54;040154;CARCHI;TULCAN;MALDONADO
04;01;55;040155;CARCHI;TULCAN;PIOTER
04;01;56;040156;CARCHI;TULCAN;TOBAR DONOSO (LA BOCANA DE CAMUMBI)
04;01;57;040157;CARCHI;TULCAN;TUFI벮
04;01;58;040158;CARCHI;TULCAN;URBINA (TAYA)
04;01;59;040159;CARCHI;TULCAN;EL CHICAL
04;01;61;040161;CARCHI;TULCAN;SANTA MARTHA DE CUBA
04;02;50;040250;CARCHI;BOLIVAR;BOLIVAR
04;02;51;040251;CARCHI;BOLIVAR;GARCIA MORENO
04;02;52;040252;CARCHI;BOLIVAR;LOS ANDES
04;02;53;040253;CARCHI;BOLIVAR;MONTE OLIVO
04;02;54;040254;CARCHI;BOLIVAR;SAN VICENTE DE PUSIR
04;02;55;040255;CARCHI;BOLIVAR;SAN RAFAEL
04;03;50;040350;CARCHI;ESPEJO;EL ANGEL
04;03;51;040351;CARCHI;ESPEJO;EL GOALTAL
04;03;52;040352;CARCHI;ESPEJO;LA LIBERTAD (ALIZO)
04;03;53;040353;CARCHI;ESPEJO;SAN ISIDRO
04;04;50;040450;CARCHI;MIRA;MIRA (CHONTAHUASI)
04;04;51;040451;CARCHI;MIRA;CONCEPCION
04;04;52;040452;CARCHI;MIRA;JIJON Y CAAMA벮 (CAB. EN RIO BLANCO)
04;04;53;040453;CARCHI;MIRA;JUAN MONTALVO (SAN IGNACIO DE QUIL)
04;05;50;040550;CARCHI;MONTUFAR;SAN GABRIEL
04;05;51;040551;CARCHI;MONTUFAR;CRISTOBAL COLON
04;05;52;040552;CARCHI;MONTUFAR;CHITAN DE NAVARRETE
04;05;53;040553;CARCHI;MONTUFAR;FERNANDEZ SALVADOR
04;05;54;040554;CARCHI;MONTUFAR;LA PAZ
04;05;55;040555;CARCHI;MONTUFAR;PIARTAL
04;06;50;040650;CARCHI;SAN PEDRO DE HUACA;HUACA
04;06;51;040651;CARCHI;SAN PEDRO DE HUACA;MARISCAL SUCRE
05;01;50;050150;COTOPAXI;LATACUNGA;LATACUNGA
05;01;51;050151;COTOPAXI;LATACUNGA;ALAQUES (ALAQUEZ)
05;01;52;050152;COTOPAXI;LATACUNGA;BELISARIO QUEVEDO (GUANAILIN)
05;01;53;050153;COTOPAXI;LATACUNGA;GUAITACAMA (GUAYTACAMA)
05;01;54;050154;COTOPAXI;LATACUNGA;JOSEGUANGO BAJO
05;01;56;050156;COTOPAXI;LATACUNGA;MULALO
05;01;57;050157;COTOPAXI;LATACUNGA;11 DE NOVIEMBRE (ILINCHISI)
05;01;58;050158;COTOPAXI;LATACUNGA;POALO
05;01;59;050159;COTOPAXI;LATACUNGA;SAN JUAN DE PASTOCALLE
05;01;61;050161;COTOPAXI;LATACUNGA;TANICUCHI
05;01;62;050162;COTOPAXI;LATACUNGA;TOACASO
05;02;50;050250;COTOPAXI;LA MANA;LA MANA
05;02;51;050251;COTOPAXI;LA MANA;GUASAGANDA (CAB.EN GUASAGANDA CENTRO)
05;02;52;050252;COTOPAXI;LA MANA;PUCAYACU
05;03;50;050350;COTOPAXI;PANGUA;EL CORAZON
05;03;51;050351;COTOPAXI;PANGUA;MORASPUNGO
05;03;52;050352;COTOPAXI;PANGUA;PINLLOPATA
05;03;53;050353;COTOPAXI;PANGUA;RAMON CAMPA베
05;04;50;050450;COTOPAXI;PUJILI;PUJILI
05;04;51;050451;COTOPAXI;PUJILI;ANGAMARCA
05;04;53;050453;COTOPAXI;PUJILI;GUANGAJE
05;04;55;050455;COTOPAXI;PUJILI;LA VICTORIA
05;04;56;050456;COTOPAXI;PUJILI;PILALO
05;04;57;050457;COTOPAXI;PUJILI;TINGO
05;04;58;050458;COTOPAXI;PUJILI;ZUMBAHUA
05;05;50;050550;COTOPAXI;SALCEDO;SAN MIGUEL
05;05;51;050551;COTOPAXI;SALCEDO;ANTONIO JOSE HOLGUIN (SANTA LUCIA)
05;05;52;050552;COTOPAXI;SALCEDO;CUSUBAMBA
05;05;53;050553;COTOPAXI;SALCEDO;MULALILLO
05;05;54;050554;COTOPAXI;SALCEDO;MULLIQUINDIL (SANTA ANA)
05;05;55;050555;COTOPAXI;SALCEDO;PANSALEO
05;06;50;050650;COTOPAXI;SAQUISILI;SAQUISILI,
05;06;51;050651;COTOPAXI;SAQUISILI;CANCHAGUA
05;06;52;050652;COTOPAXI;SAQUISILI;CHANTILIN
05;06;53;050653;COTOPAXI;SAQUISILI;COCHAPAMBA
05;07;50;050750;COTOPAXI;SIGCHOS;SIGCHOS
05;07;51;050751;COTOPAXI;SIGCHOS;CHUGCHILLAN
05;07;52;050752;COTOPAXI;SIGCHOS;ISINLIVI
05;07;53;050753;COTOPAXI;SIGCHOS;LAS PAMPAS
05;07;54;050754;COTOPAXI;SIGCHOS;PALO QUEMADO
06;01;50;060150;CHIMBORAZO;RIOBAMBA;RIOBAMBA
06;01;51;060151;CHIMBORAZO;RIOBAMBA;CACHA (CAB. EN MACHANGARA)
06;01;52;060152;CHIMBORAZO;RIOBAMBA;CALPI
06;01;53;060153;CHIMBORAZO;RIOBAMBA;CUBIJIES
06;01;54;060154;CHIMBORAZO;RIOBAMBA;FLORES
06;01;55;060155;CHIMBORAZO;RIOBAMBA;LICAN
06;01;56;060156;CHIMBORAZO;RIOBAMBA;LICTO
06;01;57;060157;CHIMBORAZO;RIOBAMBA;PUNGALA
06;01;58;060158;CHIMBORAZO;RIOBAMBA;PUNIN
06;01;59;060159;CHIMBORAZO;RIOBAMBA;QUIMIAG
06;01;60;060160;CHIMBORAZO;RIOBAMBA;SAN JUAN
06;01;61;060161;CHIMBORAZO;RIOBAMBA;SAN LUIS
06;02;50;060250;CHIMBORAZO;ALAUSI;ALAUSI
06;02;51;060251;CHIMBORAZO;ALAUSI;ACHUPALLAS
06;02;53;060253;CHIMBORAZO;ALAUSI;GUASUNTOS
06;02;54;060254;CHIMBORAZO;ALAUSI;HUIGRA
06;02;55;060255;CHIMBORAZO;ALAUSI;MULTITUD
06;02;56;060256;CHIMBORAZO;ALAUSI;PISTISHI (NARIZ DEL DIABLO)
06;02;57;060257;CHIMBORAZO;ALAUSI;PUMALLACTA
06;02;58;060258;CHIMBORAZO;ALAUSI;SEVILLA
06;02;59;060259;CHIMBORAZO;ALAUSI;SIBAMBE
06;02;60;060260;CHIMBORAZO;ALAUSI;TIXAN
06;03;50;060350;CHIMBORAZO;COLTA;VILLA LA UNION (CAJABAMBA)
06;03;51;060351;CHIMBORAZO;COLTA;CA벨
06;03;52;060352;CHIMBORAZO;COLTA;COLUMBE
06;03;53;060353;CHIMBORAZO;COLTA;JUAN DE VELASCO (PANGOR)
06;03;54;060354;CHIMBORAZO;COLTA;SANTIAGO DE QUITO (CAB. EN SAN ANTONIO DE QUITO)
06;04;50;060450;CHIMBORAZO;CHAMBO;CHAMBO
06;05;50;060550;CHIMBORAZO;CHUNCHI;CHUNCHI
06;05;51;060551;CHIMBORAZO;CHUNCHI;CAPZOL
06;05;52;060552;CHIMBORAZO;CHUNCHI;COMPUD
06;05;53;060553;CHIMBORAZO;CHUNCHI;GONZOL
06;05;54;060554;CHIMBORAZO;CHUNCHI;LLAGOS
06;06;50;060650;CHIMBORAZO;GUAMOTE;GUAMOTE
06;06;51;060651;CHIMBORAZO;GUAMOTE;CEBADAS
06;06;52;060652;CHIMBORAZO;GUAMOTE;PALMIRA
06;07;50;060750;CHIMBORAZO;GUANO;GUANO
06;07;51;060751;CHIMBORAZO;GUANO;GUANANDO
06;07;52;060752;CHIMBORAZO;GUANO;ILAPO
06;07;53;060753;CHIMBORAZO;GUANO;LA PROVIDENCIA
06;07;54;060754;CHIMBORAZO;GUANO;SAN ANDRES
06;07;55;060755;CHIMBORAZO;GUANO;SAN GERARDO DE PACAICAGUAN
06;07;56;060756;CHIMBORAZO;GUANO;SAN ISIDRO DE PATULU
06;07;57;060757;CHIMBORAZO;GUANO;SAN JOSE DEL CHAZO
06;07;58;060758;CHIMBORAZO;GUANO;SANTA FE DE GALAN
06;07;59;060759;CHIMBORAZO;GUANO;VALPARAISO
06;08;50;060850;CHIMBORAZO;PALLATANGA;PALLATANGA
06;09;50;060950;CHIMBORAZO;PENIPE;PENIPE
06;09;51;060951;CHIMBORAZO;PENIPE;EL ALTAR
06;09;52;060952;CHIMBORAZO;PENIPE;MATUS
06;09;53;060953;CHIMBORAZO;PENIPE;PUELA
06;09;54;060954;CHIMBORAZO;PENIPE;SAN ANTONIO DE BAYUSHIG
06;09;55;060955;CHIMBORAZO;PENIPE;LA CANDELARIA
06;09;56;060956;CHIMBORAZO;PENIPE;BILBAO (CAB.EN QUILLUYACU)
06;10;50;061050;CHIMBORAZO;CUMANDA;CUMANDA
07;01;50;070150;EL ORO;MACHALA;MACHALA
07;01;52;070152;EL ORO;MACHALA;EL RETIRO
07;02;50;070250;EL ORO;ARENILLAS;ARENILLAS
07;02;51;070251;EL ORO;ARENILLAS;CHACRAS
07;02;54;070254;EL ORO;ARENILLAS;PALMALES
07;02;55;070255;EL ORO;ARENILLAS;CARCABON
07;03;50;070350;EL ORO;ATAHUALPA;PACCHA
07;03;51;070351;EL ORO;ATAHUALPA;AYAPAMBA
07;03;52;070352;EL ORO;ATAHUALPA;CORDONCILLO
07;03;53;070353;EL ORO;ATAHUALPA;MILAGRO
07;03;54;070354;EL ORO;ATAHUALPA;SAN JOSE
07;03;55;070355;EL ORO;ATAHUALPA;SAN JUAN DE CERRO AZUL
07;04;50;070450;EL ORO;BALSAS;BALSAS
07;04;51;070451;EL ORO;BALSAS;BELLAMARIA
07;05;50;070550;EL ORO;CHILLA;CHILLA
07;06;50;070650;EL ORO;EL GUABO;EL GUABO
07;06;51;070651;EL ORO;EL GUABO;BARBONES (SUCRE)
07;06;52;070652;EL ORO;EL GUABO;LA IBERIA
07;06;53;070653;EL ORO;EL GUABO;TENDALES (CAB.EN PUERTO TENDALES)
07;06;54;070654;EL ORO;EL GUABO;RIO BONITO
07;07;50;070750;EL ORO;HUAQUILLAS;HUAQUILLAS
07;08;50;070850;EL ORO;MARCABELI;MARCABELI
07;08;51;070851;EL ORO;MARCABELI;EL INGENIO
07;09;50;070950;EL ORO;PASAJE;PASAJE
07;09;51;070951;EL ORO;PASAJE;BUENAVISTA
07;09;52;070952;EL ORO;PASAJE;CASACAY
07;09;53;070953;EL ORO;PASAJE;LA PEA베
07;09;54;070954;EL ORO;PASAJE;PROGRESO
07;09;55;070955;EL ORO;PASAJE;UZHCURRUMI
07;09;56;070956;EL ORO;PASAJE;CA베QUEMADA
07;10;50;071050;EL ORO;PI베S;PI베S
07;10;51;071051;EL ORO;PI베S;CAPIRO (CAB. EN LA CAPILLA DE CAPIRO)
07;10;52;071052;EL ORO;PI베S;LA BOCANA
07;10;53;071053;EL ORO;PI베S;MOROMORO (CAB. EN EL VADO)
07;10;54;071054;EL ORO;PI베S;PIEDRAS
07;10;55;071055;EL ORO;PI베S;SAN ROQUE (AMBROSIO MALDONADO)
07;10;56;071056;EL ORO;PI베S;SARACAY
07;11;50;071150;EL ORO;PORTOVELO;PORTOVELO
07;11;51;071151;EL ORO;PORTOVELO;CURTINCAPA
07;11;52;071152;EL ORO;PORTOVELO;MORALES
07;11;53;071153;EL ORO;PORTOVELO;SALATI
07;12;50;071250;EL ORO;SANTA ROSA;SANTA ROSA
07;12;51;071251;EL ORO;SANTA ROSA;BELLAVISTA
07;12;52;071252;EL ORO;SANTA ROSA;JAMBELI
07;12;53;071253;EL ORO;SANTA ROSA;LA AVANZADA
07;12;54;071254;EL ORO;SANTA ROSA;SAN ANTONIO
07;12;55;071255;EL ORO;SANTA ROSA;TORATA
07;12;56;071256;EL ORO;SANTA ROSA;VICTORIA
07;12;57;071257;EL ORO;SANTA ROSA;BELLAMARIA
07;13;50;071350;EL ORO;ZARUMA;ZARUMA
07;13;51;071351;EL ORO;ZARUMA;ABA벨N
07;13;52;071352;EL ORO;ZARUMA;ARCAPAMBA
07;13;53;071353;EL ORO;ZARUMA;GUANAZAN
07;13;54;071354;EL ORO;ZARUMA;GUIZHAGUI베
07;13;55;071355;EL ORO;ZARUMA;HUERTAS
07;13;56;071356;EL ORO;ZARUMA;MALVAS
07;13;57;071357;EL ORO;ZARUMA;MULUNCAY GRANDE
07;13;58;071358;EL ORO;ZARUMA;SINSAO
07;13;59;071359;EL ORO;ZARUMA;SALVIAS
07;14;50;071450;EL ORO;LAS LAJAS;LA VICTORIA
07;14;51;071451;EL ORO;LAS LAJAS;LA LIBERTAD
07;14;52;071452;EL ORO;LAS LAJAS;EL PARAISO
07;14;53;071453;EL ORO;LAS LAJAS;SAN ISIDRO
08;01;50;080150;ESMERALDAS;ESMERALDAS;ESMERALDAS
08;01;52;080152;ESMERALDAS;ESMERALDAS;CAMARONES (CAB. EN SAN VICENTE)
08;01;53;080153;ESMERALDAS;ESMERALDAS;CRNEL. CARLOS CONCHA TORRES (CAB.EN HUELE)
08;01;54;080154;ESMERALDAS;ESMERALDAS;CHINCA
08;01;59;080159;ESMERALDAS;ESMERALDAS;MAJUA
08;01;63;080163;ESMERALDAS;ESMERALDAS;SAN MATEO
08;01;65;080165;ESMERALDAS;ESMERALDAS;TABIAZO
08;01;66;080166;ESMERALDAS;ESMERALDAS;TACHINA
08;01;68;080168;ESMERALDAS;ESMERALDAS;VUELTA LARGA
08;02;50;080250;ESMERALDAS;ELOY ALFARO;VALDEZ (LIMONES)
08;02;51;080251;ESMERALDAS;ELOY ALFARO;ANCHAYACU
08;02;52;080252;ESMERALDAS;ELOY ALFARO;ATAHUALPA (CAB. EN CAMARONES)
08;02;53;080253;ESMERALDAS;ELOY ALFARO;BORBON
08;02;54;080254;ESMERALDAS;ELOY ALFARO;LA TOLA
08;02;55;080255;ESMERALDAS;ELOY ALFARO;LUIS VARGAS TORRES (CAB. EN PLAYA DE ORO)
08;02;56;080256;ESMERALDAS;ELOY ALFARO;MALDONADO
08;02;57;080257;ESMERALDAS;ELOY ALFARO;PAMPANAL DE BOLIVAR
08;02;58;080258;ESMERALDAS;ELOY ALFARO;SAN FRANCISCO DE ONZOLE
08;02;59;080259;ESMERALDAS;ELOY ALFARO;SANTO DOMINGO DE ONZOLE
08;02;60;080260;ESMERALDAS;ELOY ALFARO;SELVA ALEGRE
08;02;61;080261;ESMERALDAS;ELOY ALFARO;TELEMBI
08;02;62;080262;ESMERALDAS;ELOY ALFARO;COLON ELOY DEL MARIA
08;02;63;080263;ESMERALDAS;ELOY ALFARO;SAN JOSE DE CAYAPAS
08;02;64;080264;ESMERALDAS;ELOY ALFARO;TIMBIRE
08;03;50;080350;ESMERALDAS;MUISNE;MUISNE
08;03;51;080351;ESMERALDAS;MUISNE;BOLIVAR
08;03;52;080352;ESMERALDAS;MUISNE;DAULE
08;03;53;080353;ESMERALDAS;MUISNE;GALERA
08;03;54;080354;ESMERALDAS;MUISNE;QUINGUE (OLMEDO PERDOMO FRANCO)
08;03;55;080355;ESMERALDAS;MUISNE;SALIMA
08;03;56;080356;ESMERALDAS;MUISNE;SAN FRANCISCO
08;03;57;080357;ESMERALDAS;MUISNE;SAN GREGORIO
08;03;58;080358;ESMERALDAS;MUISNE;SAN JOSE DE CHAMANGA (CAB.EN CHAMANGA)
08;04;50;080450;ESMERALDAS;QUININDE;ROSA ZARATE (QUININDE)
08;04;51;080451;ESMERALDAS;QUININDE;CUBE
08;04;52;080452;ESMERALDAS;QUININDE;CHURA (CHANCAMA) (CAB. EN EL YERBERO)
08;04;53;080453;ESMERALDAS;QUININDE;MALIMPIA
08;04;54;080454;ESMERALDAS;QUININDE;VICHE
08;04;55;080455;ESMERALDAS;QUININDE;LA UNION
08;05;50;080550;ESMERALDAS;SAN LORENZO;SAN LORENZO
08;05;51;080551;ESMERALDAS;SAN LORENZO;ALTO TAMBO (CAB. EN GUADUAL)
08;05;52;080552;ESMERALDAS;SAN LORENZO;ANCON (PICHANGAL) (CAB. EN PALMA REAL)
08;05;53;080553;ESMERALDAS;SAN LORENZO;CALDERON
08;05;54;080554;ESMERALDAS;SAN LORENZO;CARONDELET
08;05;55;080555;ESMERALDAS;SAN LORENZO;5 DE JUNIO (CAB. EN UIMBI)
08;05;56;080556;ESMERALDAS;SAN LORENZO;CONCEPCION
08;05;57;080557;ESMERALDAS;SAN LORENZO;MATAJE (CAB. EN SANTANDER)
08;05;58;080558;ESMERALDAS;SAN LORENZO;SAN JAVIER DE CACHAVI (CAB. EN SAN JAVIER)
08;05;59;080559;ESMERALDAS;SAN LORENZO;SANTA RITA
08;05;60;080560;ESMERALDAS;SAN LORENZO;TAMBILLO
08;05;61;080561;ESMERALDAS;SAN LORENZO;TULULBI (CAB. EN RICAURTE)
08;05;62;080562;ESMERALDAS;SAN LORENZO;URBINA
08;06;50;080650;ESMERALDAS;ATACAMES;ATACAMES
08;06;51;080651;ESMERALDAS;ATACAMES;LA UNION
08;06;52;080652;ESMERALDAS;ATACAMES;SUA (CAB. EN LA BOCANA)
08;06;53;080653;ESMERALDAS;ATACAMES;TONCHIG뙨
08;06;54;080654;ESMERALDAS;ATACAMES;TONSUPA
08;07;50;080750;ESMERALDAS;RIOVERDE;RIOVERDE
08;07;51;080751;ESMERALDAS;RIOVERDE;CHONTADURO
08;07;52;080752;ESMERALDAS;RIOVERDE;CHUMUNDE
08;07;53;080753;ESMERALDAS;RIOVERDE;LAGARTO
08;07;54;080754;ESMERALDAS;RIOVERDE;MONTALVO (CAB. EN HORQUETA)
08;07;55;080755;ESMERALDAS;RIOVERDE;ROCAFUERTE
08;08;50;080850;ESMERALDAS;LA CONCORDIA;LA CONCORDIA
09;01;50;090150;GUAYAS;GUAYAQUIL;GUAYAQUIL
09;01;52;090152;GUAYAS;GUAYAQUIL;JUAN GOMEZ RENDON (PROGRESO)
09;01;53;090153;GUAYAS;GUAYAQUIL;MORRO
09;01;56;090156;GUAYAS;GUAYAQUIL;POSORJA
09;01;57;090157;GUAYAS;GUAYAQUIL;PUNA
09;01;58;090158;GUAYAS;GUAYAQUIL;TENGUEL
09;02;50;090250;GUAYAS;ALFREDO BAQUERIZO MORENO (JUJAN);ALFREDO BAQUERIZO MORENO (JUJAN)
09;03;50;090350;GUAYAS;BALAO;BALAO
09;04;50;090450;GUAYAS;BALZAR;BALZAR
09;05;50;090550;GUAYAS;COLIMES;COLIMES
09;05;51;090551;GUAYAS;COLIMES;SAN JACINTO
09;06;50;090650;GUAYAS;DAULE;DAULE
09;06;52;090652;GUAYAS;DAULE;JUAN BAUTISTA AGUIRRE (LOS TINTOS)
09;06;53;090653;GUAYAS;DAULE;LAUREL
09;06;54;090654;GUAYAS;DAULE;LIMONAL
09;06;56;090656;GUAYAS;DAULE;LOS LOJAS (ENRIQUE BAQUERIZO MORENO)
09;07;50;090750;GUAYAS;DURAN;ELOY ALFARO (DURAN)
09;08;50;090850;GUAYAS;EL EMPALME;VELASCO IBARRA (EL EMPALME)
09;08;51;090851;GUAYAS;EL EMPALME;GUAYAS (PUEBLO NUEVO)
09;08;52;090852;GUAYAS;EL EMPALME;EL ROSARIO
09;09;50;090950;GUAYAS;EL TRIUNFO;EL TRIUNFO
09;10;50;091050;GUAYAS;MILAGRO;MILAGRO
09;10;51;091051;GUAYAS;MILAGRO;CHOBO
09;10;53;091053;GUAYAS;MILAGRO;MARISCAL SUCRE (HUAQUES)
09;10;54;091054;GUAYAS;MILAGRO;ROBERTO ASTUDILLO (CAB. EN CRUCE DE VENECIA)
09;11;50;091150;GUAYAS;NARANJAL;NARANJAL
09;11;51;091151;GUAYAS;NARANJAL;JESUS MARIA
09;11;52;091152;GUAYAS;NARANJAL;SAN CARLOS
09;11;53;091153;GUAYAS;NARANJAL;SANTA ROSA DE FLANDES
09;11;54;091154;GUAYAS;NARANJAL;TAURA
09;12;50;091250;GUAYAS;NARANJITO;NARANJITO
09;13;50;091350;GUAYAS;PALESTINA;PALESTINA
09;14;50;091450;GUAYAS;PEDRO CARBO;PEDRO CARBO
09;14;51;091451;GUAYAS;PEDRO CARBO;VALLE DE LA VIRGEN
09;14;52;091452;GUAYAS;PEDRO CARBO;SABANILLA
09;16;50;091650;GUAYAS;SAMBORONDON;SAMBORONDON
09;16;51;091651;GUAYAS;SAMBORONDON;TARIFA
09;18;50;091850;GUAYAS;SANTA LUCIA;SANTA LUCIA
09;19;50;091950;GUAYAS;SALITRE (URBINA JADO);EL SALITRE (LAS RAMAS)
09;19;51;091951;GUAYAS;SALITRE (URBINA JADO);GRAL. VERNAZA (DOS ESTEROS)
09;19;52;091952;GUAYAS;SALITRE (URBINA JADO);LA VICTORIA (베UZA)
09;19;53;091953;GUAYAS;SALITRE (URBINA JADO);JUNQUILLAL
09;20;50;092050;GUAYAS;SAN JACINTO DE YAGUACHI;SAN JACINTO DE YAGUACHI
09;20;53;092053;GUAYAS;SAN JACINTO DE YAGUACHI;GRAL. PEDRO J. MONTERO (BOLICHE)
09;20;55;092055;GUAYAS;SAN JACINTO DE YAGUACHI;YAGUACHI VIEJO (CONE)
09;20;56;092056;GUAYAS;SAN JACINTO DE YAGUACHI;VIRGEN DE FATIMA
09;21;50;092150;GUAYAS;PLAYAS;GENERAL VILLAMIL (PLAYAS)
09;22;50;092250;GUAYAS;SIMON BOLIVAR;SIMON BOLIVAR
09;22;51;092251;GUAYAS;SIMON BOLIVAR;CRNEL.LORENZO DE GARAICOA (PEDREGAL)
09;23;50;092350;GUAYAS;CORONEL MARCELINO MARIDUE베;CORONEL MARCELINO MARIDUE베 (SAN CARLOS)
09;24;50;092450;GUAYAS;LOMAS DE SARGENTILLO;LOMAS DE SARGENTILLO
09;25;50;092550;GUAYAS;NOBOL;NARCISA DE JESUS
09;27;50;092750;GUAYAS;GENERAL ANTONIO ELIZALDE;GENERAL ANTONIO ELIZALDE (BUCAY)
09;28;50;092850;GUAYAS;ISIDRO AYORA;ISIDRO AYORA
10;01;50;100150;IMBABURA;IBARRA;SAN MIGUEL DE IBARRA
10;01;51;100151;IMBABURA;IBARRA;AMBUQUI
10;01;52;100152;IMBABURA;IBARRA;ANGOCHAGUA
10;01;53;100153;IMBABURA;IBARRA;CAROLINA
10;01;54;100154;IMBABURA;IBARRA;LA ESPERANZA
10;01;55;100155;IMBABURA;IBARRA;LITA
10;01;56;100156;IMBABURA;IBARRA;SALINAS
10;01;57;100157;IMBABURA;IBARRA;SAN ANTONIO
10;02;50;100250;IMBABURA;ANTONIO ANTE;ATUNTAQUI
10;02;51;100251;IMBABURA;ANTONIO ANTE;IMBAYA (SAN LUIS DE COBUENDO)
10;02;52;100252;IMBABURA;ANTONIO ANTE;SAN FRANCISCO DE NATABUELA
10;02;53;100253;IMBABURA;ANTONIO ANTE;SAN JOSE DE CHALTURA
10;02;54;100254;IMBABURA;ANTONIO ANTE;SAN ROQUE
10;03;50;100350;IMBABURA;COTACACHI;COTACACHI
10;03;51;100351;IMBABURA;COTACACHI;APUELA
10;03;52;100352;IMBABURA;COTACACHI;GARCIA MORENO (LLURIMAGUA)
10;03;53;100353;IMBABURA;COTACACHI;IMANTAG
10;03;54;100354;IMBABURA;COTACACHI;PE베HERRERA
10;03;55;100355;IMBABURA;COTACACHI;PLAZA GUTIERREZ
10;03;56;100356;IMBABURA;COTACACHI;QUIROGA
10;03;57;100357;IMBABURA;COTACACHI;6 DE JULIO DE CUELLAJE (CAB. EN CUELLAJE)
10;03;58;100358;IMBABURA;COTACACHI;VACAS GALINDO (EL CHURO) (CAB.EN SAN MIGUEL ALTO)
10;04;50;100450;IMBABURA;OTAVALO;OTAVALO
10;04;51;100451;IMBABURA;OTAVALO;DR. MIGUEL EGAS CABEZAS (PEGUCHE)
10;04;52;100452;IMBABURA;OTAVALO;EUGENIO ESPEJO (CALPAQUI)
10;04;53;100453;IMBABURA;OTAVALO;GONZALEZ SUAREZ
10;04;54;100454;IMBABURA;OTAVALO;PATAQUI
10;04;55;100455;IMBABURA;OTAVALO;SAN JOSE DE QUICHINCHE
10;04;56;100456;IMBABURA;OTAVALO;SAN JUAN DE ILUMAN
10;04;57;100457;IMBABURA;OTAVALO;SAN PABLO
10;04;58;100458;IMBABURA;OTAVALO;SAN RAFAEL
10;04;59;100459;IMBABURA;OTAVALO;SELVA ALEGRE (CAB.EN SAN MIGUEL DE PAMPLONA)
10;05;50;100550;IMBABURA;PIMAMPIRO;PIMAMPIRO
10;05;51;100551;IMBABURA;PIMAMPIRO;CHUGA
10;05;52;100552;IMBABURA;PIMAMPIRO;MARIANO ACOSTA
10;05;53;100553;IMBABURA;PIMAMPIRO;SAN FRANCISCO DE SIGSIPAMBA
10;06;50;100650;IMBABURA;SAN MIGUEL DE URCUQUI;URCUQUI
10;06;51;100651;IMBABURA;SAN MIGUEL DE URCUQUI;CAHUASQUI
10;06;52;100652;IMBABURA;SAN MIGUEL DE URCUQUI;LA MERCED DE BUENOS AIRES
10;06;53;100653;IMBABURA;SAN MIGUEL DE URCUQUI;PABLO ARENAS
10;06;54;100654;IMBABURA;SAN MIGUEL DE URCUQUI;SAN BLAS
10;06;55;100655;IMBABURA;SAN MIGUEL DE URCUQUI;TUMBABIRO
11;01;50;110150;LOJA;LOJA;LOJA
11;01;51;110151;LOJA;LOJA;CHANTACO
11;01;52;110152;LOJA;LOJA;CHUQUIRIBAMBA
11;01;53;110153;LOJA;LOJA;EL CISNE
11;01;54;110154;LOJA;LOJA;GUALEL
11;01;55;110155;LOJA;LOJA;JIMBILLA
11;01;56;110156;LOJA;LOJA;MALACATOS (VALLADOLID)
11;01;57;110157;LOJA;LOJA;SAN LUCAS
11;01;58;110158;LOJA;LOJA;SAN PEDRO DE VILCABAMBA
11;01;59;110159;LOJA;LOJA;SANTIAGO
11;01;60;110160;LOJA;LOJA;TAQUIL (MIGUEL RIOFRIO)
11;01;61;110161;LOJA;LOJA;VILCABAMBA (VICTORIA)
11;01;62;110162;LOJA;LOJA;YANGANA (ARSENIO CASTILLO)
11;01;63;110163;LOJA;LOJA;QUINARA
11;02;50;110250;LOJA;CALVAS;CARIAMANGA
11;02;51;110251;LOJA;CALVAS;COLAISACA
11;02;52;110252;LOJA;CALVAS;EL LUCERO
11;02;53;110253;LOJA;CALVAS;UTUANA
11;02;54;110254;LOJA;CALVAS;SANGUILLIN
11;03;50;110350;LOJA;CATAMAYO;CATAMAYO (LA TOMA)
11;03;51;110351;LOJA;CATAMAYO;EL TAMBO
11;03;52;110352;LOJA;CATAMAYO;GUAYQUICHUMA
11;03;53;110353;LOJA;CATAMAYO;SAN PEDRO DE LA BENDITA
11;03;54;110354;LOJA;CATAMAYO;ZAMBI
11;04;50;110450;LOJA;CELICA;CELICA
11;04;51;110451;LOJA;CELICA;CRUZPAMBA (CAB. EN CARLOS BUSTAMANTE)
11;04;55;110455;LOJA;CELICA;POZUL (SAN JUAN DE POZUL)
11;04;56;110456;LOJA;CELICA;SABANILLA
11;04;57;110457;LOJA;CELICA;TNTE. MAXIMILIANO RODRIGUEZ LOAIZA
11;05;50;110550;LOJA;CHAGUARPAMBA;CHAGUARPAMBA
11;05;51;110551;LOJA;CHAGUARPAMBA;BUENAVISTA
11;05;52;110552;LOJA;CHAGUARPAMBA;EL ROSARIO
11;05;53;110553;LOJA;CHAGUARPAMBA;SANTA RUFINA
11;05;54;110554;LOJA;CHAGUARPAMBA;AMARILLOS
11;06;50;110650;LOJA;ESPINDOLA;AMALUZA
11;06;51;110651;LOJA;ESPINDOLA;BELLAVISTA
11;06;52;110652;LOJA;ESPINDOLA;JIMBURA
11;06;53;110653;LOJA;ESPINDOLA;SANTA TERESITA
11;06;54;110654;LOJA;ESPINDOLA;27 DE ABRIL (CAB. EN LA NARANJA)
11;06;55;110655;LOJA;ESPINDOLA;EL INGENIO
11;06;56;110656;LOJA;ESPINDOLA;EL AIRO
11;07;50;110750;LOJA;GONZANAMA;GONZANAMA
11;07;51;110751;LOJA;GONZANAMA;CHANGAIMINA (LA LIBERTAD)
11;07;53;110753;LOJA;GONZANAMA;NAMBACOLA
11;07;54;110754;LOJA;GONZANAMA;PURUNUMA (EGUIGUREN)
11;07;56;110756;LOJA;GONZANAMA;SACAPALCA
11;08;50;110850;LOJA;MACARA;MACARA
11;08;51;110851;LOJA;MACARA;LARAMA
11;08;52;110852;LOJA;MACARA;LA VICTORIA
11;08;53;110853;LOJA;MACARA;SABIANGO (LA CAPILLA)
11;09;50;110950;LOJA;PALTAS;CATACOCHA
11;09;51;110951;LOJA;PALTAS;CANGONAMA
11;09;52;110952;LOJA;PALTAS;GUACHANAMA
11;09;54;110954;LOJA;PALTAS;LAURO GUERRERO
11;09;56;110956;LOJA;PALTAS;ORIANGA
11;09;57;110957;LOJA;PALTAS;SAN ANTONIO
11;09;58;110958;LOJA;PALTAS;CASANGA
11;09;59;110959;LOJA;PALTAS;YAMANA
11;10;50;111050;LOJA;PUYANGO;ALAMOR
11;10;51;111051;LOJA;PUYANGO;CIANO
11;10;52;111052;LOJA;PUYANGO;EL ARENAL
11;10;53;111053;LOJA;PUYANGO;EL LIMO (MARIANA DE JESUS)
11;10;54;111054;LOJA;PUYANGO;MERCADILLO
11;10;55;111055;LOJA;PUYANGO;VICENTINO
11;11;50;111150;LOJA;SARAGURO;SARAGURO
11;11;51;111151;LOJA;SARAGURO;EL PARAISO DE CELEN
11;11;52;111152;LOJA;SARAGURO;EL TABLON
11;11;53;111153;LOJA;SARAGURO;LLUZHAPA
11;11;54;111154;LOJA;SARAGURO;MANU
11;11;55;111155;LOJA;SARAGURO;SAN ANTONIO DE QUMBE (CUMBE)
11;11;56;111156;LOJA;SARAGURO;SAN PABLO DE TENTA
11;11;57;111157;LOJA;SARAGURO;SAN SEBASTIAN DE YULUC
11;11;58;111158;LOJA;SARAGURO;SELVA ALEGRE
11;11;59;111159;LOJA;SARAGURO;URDANETA (PAQUISHAPA)
11;11;60;111160;LOJA;SARAGURO;SUMAYPAMBA
11;12;50;111250;LOJA;SOZORANGA;SOZORANGA
11;12;51;111251;LOJA;SOZORANGA;NUEVA FATIMA
11;12;52;111252;LOJA;SOZORANGA;TACAMOROS
11;13;50;111350;LOJA;ZAPOTILLO;ZAPOTILLO
11;13;51;111351;LOJA;ZAPOTILLO;CAZADEROS (CAB.EN MANGAURCO)
11;13;52;111352;LOJA;ZAPOTILLO;GARZAREAL
11;13;53;111353;LOJA;ZAPOTILLO;LIMONES
11;13;54;111354;LOJA;ZAPOTILLO;PALETILLAS
11;13;55;111355;LOJA;ZAPOTILLO;BOLASPAMBA
11;14;50;111450;LOJA;PINDAL;PINDAL
11;14;51;111451;LOJA;PINDAL;CHAQUINAL
11;14;52;111452;LOJA;PINDAL;12 DE DICIEMBRE (CAB.EN ACHIOTES)
11;15;50;111550;LOJA;QUILANGA;QUILANGA
11;15;51;111551;LOJA;QUILANGA;FUNDOCHAMBA
11;15;52;111552;LOJA;QUILANGA;SAN ANTONIO DE LAS ARADAS (CAB. EN LAS ARADAS)
11;16;50;111650;LOJA;OLMEDO;OLMEDO
11;16;51;111651;LOJA;OLMEDO;LA TINGUE
12;01;50;120150;LOS RIOS;BABAHOYO;BABAHOYO
12;01;52;120152;LOS RIOS;BABAHOYO;CARACOL
12;01;53;120153;LOS RIOS;BABAHOYO;FEBRES CORDERO (LAS JUNTAS) (CAB. EN MATA DE CACAO)
12;01;54;120154;LOS RIOS;BABAHOYO;PIMOCHA
12;01;55;120155;LOS RIOS;BABAHOYO;LA UNION
12;02;50;120250;LOS RIOS;BABA;BABA
12;02;51;120251;LOS RIOS;BABA;GUARE
12;02;52;120252;LOS RIOS;BABA;ISLA DE BEJUCAL
12;03;50;120350;LOS RIOS;MONTALVO;MONTALVO
12;04;50;120450;LOS RIOS;PUEBLOVIEJO;PUEBLOVIEJO
12;04;51;120451;LOS RIOS;PUEBLOVIEJO;PUERTO PECHICHE
12;04;52;120452;LOS RIOS;PUEBLOVIEJO;SAN JUAN
12;05;50;120550;LOS RIOS;QUEVEDO;QUEVEDO
12;05;53;120553;LOS RIOS;QUEVEDO;SAN CARLOS
12;05;55;120555;LOS RIOS;QUEVEDO;LA ESPERANZA
12;06;50;120650;LOS RIOS;URDANETA;CATARAMA
12;06;51;120651;LOS RIOS;URDANETA;RICAURTE
12;07;50;120750;LOS RIOS;VENTANAS;VENTANAS
12;07;52;120752;LOS RIOS;VENTANAS;ZAPOTAL
12;08;50;120850;LOS RIOS;VINCES;VINCES
12;08;51;120851;LOS RIOS;VINCES;ANTONIO SOTOMAYOR (CAB. EN PLAYAS DE VINCES)
12;09;50;120950;LOS RIOS;PALENQUE;PALENQUE
12;10;50;121050;LOS RIOS;BUENA FE;SAN JACINTO DE BUENA FE
12;10;51;121051;LOS RIOS;BUENA FE;PATRICIA PILAR
12;11;50;121150;LOS RIOS;VALENCIA;VALENCIA
12;12;50;121250;LOS RIOS;MOCACHE;MOCACHE
12;13;50;121350;LOS RIOS;QUINSALOMA;QUINSALOMA
13;01;50;130150;MANABI;PORTOVIEJO;PORTOVIEJO
13;01;51;130151;MANABI;PORTOVIEJO;ABDON CALDERON (SAN FRANCISCO)
13;01;52;130152;MANABI;PORTOVIEJO;ALHAJUELA (BAJO GRANDE)
13;01;53;130153;MANABI;PORTOVIEJO;CRUCITA
13;01;54;130154;MANABI;PORTOVIEJO;PUEBLO NUEVO
13;01;55;130155;MANABI;PORTOVIEJO;RIOCHICO (RIO CHICO)
13;01;56;130156;MANABI;PORTOVIEJO;SAN PLACIDO
13;01;57;130157;MANABI;PORTOVIEJO;CHIRIJOS
13;02;50;130250;MANABI;BOLIVAR;CALCETA
13;02;51;130251;MANABI;BOLIVAR;MEMBRILLO
13;02;52;130252;MANABI;BOLIVAR;QUIROGA
13;03;50;130350;MANABI;CHONE;CHONE
13;03;51;130351;MANABI;CHONE;BOYACA
13;03;52;130352;MANABI;CHONE;CANUTO
13;03;53;130353;MANABI;CHONE;CONVENTO
13;03;54;130354;MANABI;CHONE;CHIBUNGA
13;03;55;130355;MANABI;CHONE;ELOY ALFARO
13;03;56;130356;MANABI;CHONE;RICAURTE
13;03;57;130357;MANABI;CHONE;SAN ANTONIO
13;04;50;130450;MANABI;EL CARMEN;EL CARMEN
13;04;51;130451;MANABI;EL CARMEN;WILFRIDO LOOR MOREIRA (MAICITO)
13;04;52;130452;MANABI;EL CARMEN;SAN PEDRO DE SUMA
13;05;50;130550;MANABI;FLAVIO ALFARO;FLAVIO ALFARO
13;05;51;130551;MANABI;FLAVIO ALFARO;SAN FRANCISCO DE NOVILLO (CAB. EN NOVILLO)
13;05;52;130552;MANABI;FLAVIO ALFARO;ZAPALLO
13;06;50;130650;MANABI;JIPIJAPA;JIPIJAPA
13;06;51;130651;MANABI;JIPIJAPA;AMERICA
13;06;52;130652;MANABI;JIPIJAPA;EL ANEGADO (CAB. EN ELOY ALFARO)
13;06;53;130653;MANABI;JIPIJAPA;JULCUY
13;06;54;130654;MANABI;JIPIJAPA;LA UNION
13;06;56;130656;MANABI;JIPIJAPA;MEMBRILLAL
13;06;57;130657;MANABI;JIPIJAPA;PEDRO PABLO GOMEZ
13;06;58;130658;MANABI;JIPIJAPA;PUERTO DE CAYO
13;07;50;130750;MANABI;JUNIN;JUNIN
13;08;50;130850;MANABI;MANTA;MANTA
13;08;51;130851;MANABI;MANTA;SAN LORENZO
13;08;52;130852;MANABI;MANTA;SANTA MARIANITA (BOCA DE PACOCHE)
13;09;50;130950;MANABI;MONTECRISTI;MONTECRISTI
13;09;52;130952;MANABI;MONTECRISTI;LA PILA
13;10;50;131050;MANABI;PAJAN;PAJAN
13;10;51;131051;MANABI;PAJAN;CAMPOZANO (LA PALMA DE PAJAN)
13;10;52;131052;MANABI;PAJAN;CASCOL
13;10;53;131053;MANABI;PAJAN;GUALE
13;10;54;131054;MANABI;PAJAN;LASCANO
13;11;50;131150;MANABI;PICHINCHA;PICHINCHA
13;11;51;131151;MANABI;PICHINCHA;BARRAGANETE
13;11;52;131152;MANABI;PICHINCHA;SAN SEBASTIAN
13;12;50;131250;MANABI;ROCAFUERTE;ROCAFUERTE
13;13;50;131350;MANABI;SANTA ANA;SANTA ANA DE VUELTA LARGA
13;13;51;131351;MANABI;SANTA ANA;AYACUCHO
13;13;52;131352;MANABI;SANTA ANA;HONORATO VASQUEZ (CAB. EN VASQUEZ)
13;13;53;131353;MANABI;SANTA ANA;LA UNION
13;13;55;131355;MANABI;SANTA ANA;SAN PABLO (CAB. EN PUEBLO NUEVO)
13;14;50;131450;MANABI;SUCRE;BAHIA DE CARAQUEZ
13;14;53;131453;MANABI;SUCRE;CHARAPOTO
13;14;57;131457;MANABI;SUCRE;SAN ISIDRO
13;15;50;131550;MANABI;TOSAGUA;TOSAGUA
13;15;51;131551;MANABI;TOSAGUA;BACHILLERO
13;15;52;131552;MANABI;TOSAGUA;ANGEL PEDRO GILER (LA ESTANCILLA)
13;16;50;131650;MANABI;24 DE MAYO;SUCRE
13;16;51;131651;MANABI;24 DE MAYO;BELLAVISTA
13;16;52;131652;MANABI;24 DE MAYO;NOBOA
13;16;53;131653;MANABI;24 DE MAYO;ARQ. SIXTO DURAN BALLEN
13;17;50;131750;MANABI;PEDERNALES;PEDERNALES
13;17;51;131751;MANABI;PEDERNALES;COJIMIES
13;17;52;131752;MANABI;PEDERNALES;10 DE AGOSTO
13;17;53;131753;MANABI;PEDERNALES;ATAHUALPA
13;18;50;131850;MANABI;OLMEDO;OLMEDO
13;19;50;131950;MANABI;PUERTO LOPEZ;PUERTO LOPEZ
13;19;51;131951;MANABI;PUERTO LOPEZ;MACHALILLA
13;19;52;131952;MANABI;PUERTO LOPEZ;SALANGO
13;20;50;132050;MANABI;JAMA;JAMA
13;21;50;132150;MANABI;JARAMIJO;JARAMIJO
13;22;50;132250;MANABI;SAN VICENTE;SAN VICENTE
13;22;51;132251;MANABI;SAN VICENTE;CANOA
14;01;50;140150;MORONA SANTIAGO;MORONA;MACAS
14;01;51;140151;MORONA SANTIAGO;MORONA;ALSHI (CAB. EN 9 DE OCTUBRE)
14;01;53;140153;MORONA SANTIAGO;MORONA;GENERAL PROA벮
14;01;56;140156;MORONA SANTIAGO;MORONA;SAN ISIDRO
14;01;57;140157;MORONA SANTIAGO;MORONA;SEVILLA DON BOSCO
14;01;58;140158;MORONA SANTIAGO;MORONA;SINAI
14;01;60;140160;MORONA SANTIAGO;MORONA;ZU베 (ZU베C)
14;01;62;140162;MORONA SANTIAGO;MORONA;CUCHAENTZA
14;01;64;140164;MORONA SANTIAGO;MORONA;RIO BLANCO
14;02;50;140250;MORONA SANTIAGO;GUALAQUIZA;GUALAQUIZA
14;02;51;140251;MORONA SANTIAGO;GUALAQUIZA;AMAZONAS (ROSARIO DE CUYES)
14;02;52;140252;MORONA SANTIAGO;GUALAQUIZA;BERMEJOS
14;02;53;140253;MORONA SANTIAGO;GUALAQUIZA;BOMBOIZA
14;02;54;140254;MORONA SANTIAGO;GUALAQUIZA;CHIG뙬NDA
14;02;55;140255;MORONA SANTIAGO;GUALAQUIZA;EL ROSARIO
14;02;56;140256;MORONA SANTIAGO;GUALAQUIZA;NUEVA TARQUI
14;02;57;140257;MORONA SANTIAGO;GUALAQUIZA;SAN MIGUEL DE CUYES
14;02;58;140258;MORONA SANTIAGO;GUALAQUIZA;EL IDEAL
14;03;50;140350;MORONA SANTIAGO;LIMON INDANZA;GENERAL LEONIDAS PLAZA GUTIERREZ (LIMON)
14;03;51;140351;MORONA SANTIAGO;LIMON INDANZA;INDANZA
14;03;53;140353;MORONA SANTIAGO;LIMON INDANZA;SAN ANTONIO (CAB. EN SAN ANTONIO CENTRO
14;03;56;140356;MORONA SANTIAGO;LIMON INDANZA;SAN MIGUEL DE CONCHAY
14;03;57;140357;MORONA SANTIAGO;LIMON INDANZA;SANTA SUSANA DE CHIVIAZA (CAB. EN CHIVIAZA)
14;03;58;140358;MORONA SANTIAGO;LIMON INDANZA;YUNGANZA (CAB. EN EL ROSARIO)
14;04;50;140450;MORONA SANTIAGO;PALORA;PALORA (METZERA)
14;04;51;140451;MORONA SANTIAGO;PALORA;ARAPICOS
14;04;52;140452;MORONA SANTIAGO;PALORA;CUMANDA (CAB. EN COLONIA AGRICOLA SEVILLA DEL ORO)
14;04;54;140454;MORONA SANTIAGO;PALORA;SANGAY (CAB. EN NAYAMANACA)
14;04;55;140455;MORONA SANTIAGO;PALORA;16 DE AGOSTO
14;05;50;140550;MORONA SANTIAGO;SANTIAGO;SANTIAGO DE MENDEZ
14;05;51;140551;MORONA SANTIAGO;SANTIAGO;COPAL
14;05;52;140552;MORONA SANTIAGO;SANTIAGO;CHUPIANZA
14;05;53;140553;MORONA SANTIAGO;SANTIAGO;PATUCA
14;05;54;140554;MORONA SANTIAGO;SANTIAGO;SAN LUIS DE EL ACHO (CAB. EN EL ACHO)
14;05;56;140556;MORONA SANTIAGO;SANTIAGO;TAYUZA
14;05;57;140557;MORONA SANTIAGO;SANTIAGO;SAN FRANCISCO DE CHINIMBIMI
14;06;50;140650;MORONA SANTIAGO;SUCUA;SUCUA
14;06;51;140651;MORONA SANTIAGO;SUCUA;ASUNCION
14;06;52;140652;MORONA SANTIAGO;SUCUA;HUAMBI
14;06;55;140655;MORONA SANTIAGO;SUCUA;SANTA MARIANITA DE JESUS
14;07;50;140750;MORONA SANTIAGO;HUAMBOYA;HUAMBOYA
14;07;51;140751;MORONA SANTIAGO;HUAMBOYA;CHIGUAZA
14;08;50;140850;MORONA SANTIAGO;SAN JUAN BOSCO;SAN JUAN BOSCO
14;08;51;140851;MORONA SANTIAGO;SAN JUAN BOSCO;PAN DE AZUCAR
14;08;52;140852;MORONA SANTIAGO;SAN JUAN BOSCO;SAN CARLOS DE LIMON
14;08;53;140853;MORONA SANTIAGO;SAN JUAN BOSCO;SAN JACINTO DE WAKAMBEIS
14;08;54;140854;MORONA SANTIAGO;SAN JUAN BOSCO;SANTIAGO DE PANANZA
14;09;50;140950;MORONA SANTIAGO;TAISHA;TAISHA
14;09;51;140951;MORONA SANTIAGO;TAISHA;HUASAGA (CAB. EN WAMPUIK)
14;09;52;140952;MORONA SANTIAGO;TAISHA;MACUMA
14;09;53;140953;MORONA SANTIAGO;TAISHA;TUUTINENTZA
14;09;54;140954;MORONA SANTIAGO;TAISHA;PUMPUENTSA
14;10;50;141050;MORONA SANTIAGO;LOGRO벮;LOGRO벮
14;10;51;141051;MORONA SANTIAGO;LOGRO벮;YAUPI
14;10;52;141052;MORONA SANTIAGO;LOGRO벮;SHIMPIS
14;11;50;141150;MORONA SANTIAGO;PABLO SEXTO;PABLO SEXTO
14;12;50;141250;MORONA SANTIAGO;CANTON TIWINTZA;SANTIAGO
14;12;51;141251;MORONA SANTIAGO;CANTON TIWINTZA;SAN JOSE DE MORONA
15;01;50;150150;NAPO;TENA;TENA
15;01;51;150151;NAPO;TENA;AHUANO
15;01;53;150153;NAPO;TENA;CHONTAPUNTA
15;01;54;150154;NAPO;TENA;PANO
15;01;55;150155;NAPO;TENA;PUERTO MISAHUALLI
15;01;56;150156;NAPO;TENA;PUERTO NAPO
15;01;57;150157;NAPO;TENA;TALAG
15;03;50;150350;NAPO;ARCHIDONA;ARCHIDONA
15;03;52;150352;NAPO;ARCHIDONA;COTUNDO
15;03;54;150354;NAPO;ARCHIDONA;SAN PABLO DE USHPAYACU
15;04;50;150450;NAPO;EL CHACO;EL CHACO
15;04;51;150451;NAPO;EL CHACO;GONZALO DIAZ DE PINEDA (EL BOMBON)
15;04;52;150452;NAPO;EL CHACO;LINARES
15;04;53;150453;NAPO;EL CHACO;OYACACHI
15;04;54;150454;NAPO;EL CHACO;SANTA ROSA
15;04;55;150455;NAPO;EL CHACO;SARDINAS
15;07;50;150750;NAPO;QUIJOS;BAEZA
15;07;51;150751;NAPO;QUIJOS;COSANGA
15;07;52;150752;NAPO;QUIJOS;CUYUJA
15;07;53;150753;NAPO;QUIJOS;PAPALLACTA
15;07;54;150754;NAPO;QUIJOS;SAN FRANCISCO DE BORJA (VIRGILIO DAVILA)
15;07;56;150756;NAPO;QUIJOS;SUMACO
15;09;50;150950;NAPO;CARLOS JULIO AROSEMENA TOLA;CARLOS JULIO AROSEMENA TOLA
16;01;50;160150;PASTAZA;PASTAZA;PUYO
16;01;52;160152;PASTAZA;PASTAZA;CANELOS
16;01;54;160154;PASTAZA;PASTAZA;DIEZ DE AGOSTO
16;01;55;160155;PASTAZA;PASTAZA;FATIMA
16;01;56;160156;PASTAZA;PASTAZA;MONTALVO (ANDOAS)
16;01;57;160157;PASTAZA;PASTAZA;POMONA
16;01;58;160158;PASTAZA;PASTAZA;RIO CORRIENTES
16;01;59;160159;PASTAZA;PASTAZA;RIO TIGRE
16;01;61;160161;PASTAZA;PASTAZA;SARAYACU
16;01;62;160162;PASTAZA;PASTAZA;SIMON BOLIVAR (CAB. EN MUSHULLACTA)
16;01;63;160163;PASTAZA;PASTAZA;TARQUI
16;01;64;160164;PASTAZA;PASTAZA;TENIENTE HUGO ORTIZ
16;01;65;160165;PASTAZA;PASTAZA;VERACRUZ (INDILLAMA) (CAB. EN INDILLAMA)
16;01;66;160166;PASTAZA;PASTAZA;EL TRIUNFO
16;02;50;160250;PASTAZA;MERA;MERA
16;02;51;160251;PASTAZA;MERA;MADRE TIERRA
16;02;52;160252;PASTAZA;MERA;SHELL
16;03;50;160350;PASTAZA;SANTA CLARA;SANTA CLARA
16;03;51;160351;PASTAZA;SANTA CLARA;SAN JOSE
16;04;50;160450;PASTAZA;ARAJUNO;ARAJUNO
16;04;51;160451;PASTAZA;ARAJUNO;CURARAY
17;01;50;170150;PICHINCHA;QUITO;QUITO DISTRITO METROPOLITANO, CABECERA CANTONAL, CAPITAL PROVINCIAL Y DE LA REPUBLICA DEL ECUADOR
17;01;51;170151;PICHINCHA;QUITO;ALANGASI
17;01;52;170152;PICHINCHA;QUITO;AMAGUA베
17;01;53;170153;PICHINCHA;QUITO;ATAHUALPA (HABASPAMBA)
17;01;54;170154;PICHINCHA;QUITO;CALACALI
17;01;55;170155;PICHINCHA;QUITO;CALDERON (CARAPUNGO)
17;01;56;170156;PICHINCHA;QUITO;CONOCOTO
17;01;57;170157;PICHINCHA;QUITO;CUMBAYA
17;01;58;170158;PICHINCHA;QUITO;CHAVEZPAMBA
17;01;59;170159;PICHINCHA;QUITO;CHECA (CHILPA)
17;01;60;170160;PICHINCHA;QUITO;EL QUINCHE
17;01;61;170161;PICHINCHA;QUITO;GUALEA
17;01;62;170162;PICHINCHA;QUITO;GUANGOPOLO
17;01;63;170163;PICHINCHA;QUITO;GUAYLLABAMBA
17;01;64;170164;PICHINCHA;QUITO;LA MERCED
17;01;65;170165;PICHINCHA;QUITO;LLANO CHICO
17;01;66;170166;PICHINCHA;QUITO;LLOA
17;01;68;170168;PICHINCHA;QUITO;NANEGAL
17;01;69;170169;PICHINCHA;QUITO;NANEGALITO
17;01;70;170170;PICHINCHA;QUITO;NAYON
17;01;71;170171;PICHINCHA;QUITO;NONO
17;01;72;170172;PICHINCHA;QUITO;PACTO
17;01;74;170174;PICHINCHA;QUITO;PERUCHO
17;01;75;170175;PICHINCHA;QUITO;PIFO
17;01;76;170176;PICHINCHA;QUITO;PINTAG
17;01;77;170177;PICHINCHA;QUITO;POMASQUI
17;01;78;170178;PICHINCHA;QUITO;PUELLARO
17;01;79;170179;PICHINCHA;QUITO;PUEMBO
17;01;80;170180;PICHINCHA;QUITO;SAN ANTONIO
17;01;81;170181;PICHINCHA;QUITO;SAN JOSE DE MINAS
17;01;83;170183;PICHINCHA;QUITO;TABABELA
17;01;84;170184;PICHINCHA;QUITO;TUMBACO
17;01;85;170185;PICHINCHA;QUITO;YARUQUI
17;01;86;170186;PICHINCHA;QUITO;ZAMBIZA
17;02;50;170250;PICHINCHA;CAYAMBE;CAYAMBE
17;02;51;170251;PICHINCHA;CAYAMBE;ASCAZUBI
17;02;52;170252;PICHINCHA;CAYAMBE;CANGAHUA
17;02;53;170253;PICHINCHA;CAYAMBE;OLMEDO (PESILLO)
17;02;54;170254;PICHINCHA;CAYAMBE;OTON
17;02;55;170255;PICHINCHA;CAYAMBE;SANTA ROSA DE CUZUBAMBA
17;03;50;170350;PICHINCHA;MEJIA;MACHACHI
17;03;51;170351;PICHINCHA;MEJIA;ALOAG
17;03;52;170352;PICHINCHA;MEJIA;ALOASI
17;03;53;170353;PICHINCHA;MEJIA;CUTUGLAHUA
17;03;54;170354;PICHINCHA;MEJIA;EL CHAUPI
17;03;55;170355;PICHINCHA;MEJIA;MANUEL CORNEJO ASTORGA (TANDAPI)
17;03;56;170356;PICHINCHA;MEJIA;TAMBILLO
17;03;57;170357;PICHINCHA;MEJIA;UYUMBICHO
17;04;50;170450;PICHINCHA;PEDRO MONCAYO;TABACUNDO
17;04;51;170451;PICHINCHA;PEDRO MONCAYO;LA ESPERANZA
17;04;52;170452;PICHINCHA;PEDRO MONCAYO;MALCHINGUI
17;04;53;170453;PICHINCHA;PEDRO MONCAYO;TOCACHI
17;04;54;170454;PICHINCHA;PEDRO MONCAYO;TUPIGACHI
17;05;50;170550;PICHINCHA;RUMI베HUI;SANGOLQUI
17;05;51;170551;PICHINCHA;RUMI베HUI;COTOGCHOA
17;05;52;170552;PICHINCHA;RUMI베HUI;RUMIPAMBA
17;07;50;170750;PICHINCHA;SAN MIGUEL DE LOS BANCOS;SAN MIGUEL DE LOS BANCOS
17;07;51;170751;PICHINCHA;SAN MIGUEL DE LOS BANCOS;MINDO
17;08;50;170850;PICHINCHA;PEDRO VICENTE MALDONADO;PEDRO VICENTE MALDONADO
17;09;50;170950;PICHINCHA;PUERTO QUITO;PUERTO QUITO
18;01;50;180150;TUNGURAHUA;AMBATO;AMBATO
18;01;51;180151;TUNGURAHUA;AMBATO;AMBATILLO
18;01;52;180152;TUNGURAHUA;AMBATO;ATAHUALPA (CHISALATA)
18;01;53;180153;TUNGURAHUA;AMBATO;AUGUSTO N. MARTINEZ (MUNDUGLEO)
18;01;54;180154;TUNGURAHUA;AMBATO;CONSTANTINO FERNANDEZ (CAB. EN CULLITAHUA)
18;01;55;180155;TUNGURAHUA;AMBATO;HUACHI GRANDE
18;01;56;180156;TUNGURAHUA;AMBATO;IZAMBA
18;01;57;180157;TUNGURAHUA;AMBATO;JUAN BENIGNO VELA
18;01;58;180158;TUNGURAHUA;AMBATO;MONTALVO
18;01;59;180159;TUNGURAHUA;AMBATO;PASA
18;01;60;180160;TUNGURAHUA;AMBATO;PICAIGUA
18;01;61;180161;TUNGURAHUA;AMBATO;PILAG뙬N (PILAH뙬N)
18;01;62;180162;TUNGURAHUA;AMBATO;QUISAPINCHA (QUIZAPINCHA)
18;01;63;180163;TUNGURAHUA;AMBATO;SAN BARTOLOME DE PINLLOG
18;01;64;180164;TUNGURAHUA;AMBATO;SAN FERNANDO (PASA SAN FERNANDO)
18;01;65;180165;TUNGURAHUA;AMBATO;SANTA ROSA
18;01;66;180166;TUNGURAHUA;AMBATO;TOTORAS
18;01;67;180167;TUNGURAHUA;AMBATO;CUNCHIBAMBA
18;01;68;180168;TUNGURAHUA;AMBATO;UNAMUNCHO
18;02;50;180250;TUNGURAHUA;BA벮S DE AGUA SANTA;BA벮S DE AGUA SANTA
18;02;51;180251;TUNGURAHUA;BA벮S DE AGUA SANTA;LLIGUA
18;02;52;180252;TUNGURAHUA;BA벮S DE AGUA SANTA;RIO NEGRO
18;02;53;180253;TUNGURAHUA;BA벮S DE AGUA SANTA;RIO VERDE
18;02;54;180254;TUNGURAHUA;BA벮S DE AGUA SANTA;ULBA
18;03;50;180350;TUNGURAHUA;CEVALLOS;CEVALLOS
18;04;50;180450;TUNGURAHUA;MOCHA;MOCHA
18;04;51;180451;TUNGURAHUA;MOCHA;PINGUILI
18;05;50;180550;TUNGURAHUA;PATATE;PATATE
18;05;51;180551;TUNGURAHUA;PATATE;EL TRIUNFO
18;05;52;180552;TUNGURAHUA;PATATE;LOS ANDES (CAB. EN POATUG)
18;05;53;180553;TUNGURAHUA;PATATE;SUCRE (CAB. EN SUCRE-PATATE URCU)
18;06;50;180650;TUNGURAHUA;QUERO;QUERO
18;06;51;180651;TUNGURAHUA;QUERO;RUMIPAMBA
18;06;52;180652;TUNGURAHUA;QUERO;YANAYACU - MOCHAPATA (CAB. EN YANAYACU)
18;07;50;180750;TUNGURAHUA;SAN PEDRO DE PELILEO;PELILEO
18;07;51;180751;TUNGURAHUA;SAN PEDRO DE PELILEO;BENITEZ (PACHANLICA)
18;07;52;180752;TUNGURAHUA;SAN PEDRO DE PELILEO;BOLIVAR
18;07;53;180753;TUNGURAHUA;SAN PEDRO DE PELILEO;COTALO
18;07;54;180754;TUNGURAHUA;SAN PEDRO DE PELILEO;CHIQUICHA (CAB. EN CHIQUICHA GRANDE)
18;07;55;180755;TUNGURAHUA;SAN PEDRO DE PELILEO;EL ROSARIO (RUMICHACA)
18;07;56;180756;TUNGURAHUA;SAN PEDRO DE PELILEO;GARCIA MORENO (CHUMAQUI)
18;07;57;180757;TUNGURAHUA;SAN PEDRO DE PELILEO;GUAMBALO (HUAMBALO)
18;07;58;180758;TUNGURAHUA;SAN PEDRO DE PELILEO;SALASACA
18;08;50;180850;TUNGURAHUA;SANTIAGO DE PILLARO;PILLARO
18;08;51;180851;TUNGURAHUA;SANTIAGO DE PILLARO;BAQUERIZO MORENO
18;08;52;180852;TUNGURAHUA;SANTIAGO DE PILLARO;EMILIO MARIA TERAN (RUMIPAMBA)
18;08;53;180853;TUNGURAHUA;SANTIAGO DE PILLARO;MARCOS ESPINEL (CHACATA)
18;08;54;180854;TUNGURAHUA;SANTIAGO DE PILLARO;PRESIDENTE URBINA (CHAGRAPAMBA -PATZUCUL)
18;08;55;180855;TUNGURAHUA;SANTIAGO DE PILLARO;SAN ANDRES
18;08;56;180856;TUNGURAHUA;SANTIAGO DE PILLARO;SAN JOSE DE POALO
18;08;57;180857;TUNGURAHUA;SANTIAGO DE PILLARO;SAN MIGUELITO
18;09;50;180950;TUNGURAHUA;TISALEO;TISALEO
18;09;51;180951;TUNGURAHUA;TISALEO;QUINCHICOTO
19;01;50;190150;ZAMORA CHINCHIPE;ZAMORA;ZAMORA
19;01;51;190151;ZAMORA CHINCHIPE;ZAMORA;CUMBARATZA
19;01;52;190152;ZAMORA CHINCHIPE;ZAMORA;GUADALUPE
19;01;53;190153;ZAMORA CHINCHIPE;ZAMORA;IMBANA (LA VICTORIA DE IMBANA)
19;01;55;190155;ZAMORA CHINCHIPE;ZAMORA;SABANILLA
19;01;56;190156;ZAMORA CHINCHIPE;ZAMORA;TIMBARA
19;01;58;190158;ZAMORA CHINCHIPE;ZAMORA;SAN CARLOS DE LAS MINAS
19;02;50;190250;ZAMORA CHINCHIPE;CHINCHIPE;ZUMBA
19;02;51;190251;ZAMORA CHINCHIPE;CHINCHIPE;CHITO
19;02;52;190252;ZAMORA CHINCHIPE;CHINCHIPE;EL CHORRO
19;02;54;190254;ZAMORA CHINCHIPE;CHINCHIPE;LA CHONTA
19;02;56;190256;ZAMORA CHINCHIPE;CHINCHIPE;PUCAPAMBA
19;02;59;190259;ZAMORA CHINCHIPE;CHINCHIPE;SAN ANDRES
19;03;50;190350;ZAMORA CHINCHIPE;NANGARITZA;GUAYZIMI
19;03;51;190351;ZAMORA CHINCHIPE;NANGARITZA;ZURMI
19;03;52;190352;ZAMORA CHINCHIPE;NANGARITZA;NUEVO PARAISO
19;04;50;190450;ZAMORA CHINCHIPE;YACUAMBI;28 DE MAYO (SAN JOSE DE YACUAMBI)
19;04;51;190451;ZAMORA CHINCHIPE;YACUAMBI;LA PAZ
19;04;52;190452;ZAMORA CHINCHIPE;YACUAMBI;TUTUPALI
19;05;50;190550;ZAMORA CHINCHIPE;YANTZAZA (YANZATZA);YANTZAZA (YANZATZA)
19;05;51;190551;ZAMORA CHINCHIPE;YANTZAZA (YANZATZA);CHICA베
19;05;53;190553;ZAMORA CHINCHIPE;YANTZAZA (YANZATZA);LOS ENCUENTROS
19;06;50;190650;ZAMORA CHINCHIPE;EL PANGUI;EL PANGUI
19;06;51;190651;ZAMORA CHINCHIPE;EL PANGUI;EL GUISME
19;06;52;190652;ZAMORA CHINCHIPE;EL PANGUI;PACHICUTZA
19;06;53;190653;ZAMORA CHINCHIPE;EL PANGUI;TUNDAYME
19;07;50;190750;ZAMORA CHINCHIPE;CENTINELA DEL CONDOR;ZUMBI
19;08;50;190850;ZAMORA CHINCHIPE;PALANDA;PALANDA
19;08;51;190851;ZAMORA CHINCHIPE;PALANDA;EL PORVENIR DEL CARMEN
19;08;52;190852;ZAMORA CHINCHIPE;PALANDA;SAN FRANCISCO DEL VERGEL
19;08;53;190853;ZAMORA CHINCHIPE;PALANDA;VALLADOLID
19;08;54;190854;ZAMORA CHINCHIPE;PALANDA;LA CANELA
19;09;50;190950;ZAMORA CHINCHIPE;PAQUISHA;PAQUISHA
19;09;51;190951;ZAMORA CHINCHIPE;PAQUISHA;BELLAVISTA
19;09;52;190952;ZAMORA CHINCHIPE;PAQUISHA;NUEVO QUITO
20;01;50;200150;GALAPAGOS;SAN CRISTOBAL;PUERTO BAQUERIZO MORENO
20;01;51;200151;GALAPAGOS;SAN CRISTOBAL;EL PROGRESO
20;01;52;200152;GALAPAGOS;SAN CRISTOBAL;ISLA SANTA MARIA (FLOREANA) (CAB. EN PTO. VELASCO IBARRA)
20;02;50;200250;GALAPAGOS;ISABELA;PUERTO VILLAMIL
20;02;51;200251;GALAPAGOS;ISABELA;TOMAS DE BERLANGA (SANTO TOMAS)
20;03;50;200350;GALAPAGOS;SANTA CRUZ;PUERTO AYORA
20;03;51;200351;GALAPAGOS;SANTA CRUZ;BELLAVISTA
20;03;52;200352;GALAPAGOS;SANTA CRUZ;SANTA ROSA (INCLUYE LA ISLA BALTRA)
21;01;50;210150;SUCUMBIOS;LAGO AGRIO;NUEVA LOJA
21;01;52;210152;SUCUMBIOS;LAGO AGRIO;DURENO
21;01;53;210153;SUCUMBIOS;LAGO AGRIO;GENERAL FARFAN
21;01;55;210155;SUCUMBIOS;LAGO AGRIO;EL ENO
21;01;56;210156;SUCUMBIOS;LAGO AGRIO;PACAYACU
21;01;57;210157;SUCUMBIOS;LAGO AGRIO;JAMBELI
21;01;58;210158;SUCUMBIOS;LAGO AGRIO;SANTA CECILIA
21;02;50;210250;SUCUMBIOS;GONZALO PIZARRO;LUMBAQUI
21;02;51;210251;SUCUMBIOS;GONZALO PIZARRO;EL REVENTADOR
21;02;52;210252;SUCUMBIOS;GONZALO PIZARRO;GONZALO PIZARRO
21;02;54;210254;SUCUMBIOS;GONZALO PIZARRO;PUERTO LIBRE
21;03;50;210350;SUCUMBIOS;PUTUMAYO;PUERTO EL CARMEN DEL PUTUMAYO
21;03;51;210351;SUCUMBIOS;PUTUMAYO;PALMA ROJA
21;03;52;210352;SUCUMBIOS;PUTUMAYO;PUERTO BOLIVAR (PUERTO MONTUFAR)
21;03;53;210353;SUCUMBIOS;PUTUMAYO;PUERTO RODRIGUEZ
21;03;54;210354;SUCUMBIOS;PUTUMAYO;SANTA ELENA
21;04;50;210450;SUCUMBIOS;SHUSHUFINDI;SHUSHUFINDI
21;04;51;210451;SUCUMBIOS;SHUSHUFINDI;LIMONCOCHA
21;04;52;210452;SUCUMBIOS;SHUSHUFINDI;PA베COCHA
21;04;53;210453;SUCUMBIOS;SHUSHUFINDI;SAN ROQUE (CAB. EN SAN VICENTE)
21;04;54;210454;SUCUMBIOS;SHUSHUFINDI;SAN PEDRO DE LOS COFANES
21;04;55;210455;SUCUMBIOS;SHUSHUFINDI;SIETE DE JULIO
21;05;50;210550;SUCUMBIOS;SUCUMBIOS;LA BONITA
21;05;51;210551;SUCUMBIOS;SUCUMBIOS;EL PLAYON DE SAN FRANCISCO
21;05;52;210552;SUCUMBIOS;SUCUMBIOS;LA SOFIA
21;05;53;210553;SUCUMBIOS;SUCUMBIOS;ROSA FLORIDA
21;05;54;210554;SUCUMBIOS;SUCUMBIOS;SANTA BARBARA
21;06;50;210650;SUCUMBIOS;CASCALES;EL DORADO DE CASCALES
21;06;51;210651;SUCUMBIOS;CASCALES;SANTA ROSA DE SUCUMBIOS
21;06;52;210652;SUCUMBIOS;CASCALES;SEVILLA
21;07;50;210750;SUCUMBIOS;CUYABENO;TARAPOA
21;07;51;210751;SUCUMBIOS;CUYABENO;CUYABENO
21;07;52;210752;SUCUMBIOS;CUYABENO;AGUAS NEGRAS
22;01;50;220150;ORELLANA;ORELLANA;PUERTO FRANCISCO DE ORELLANA (EL COCA)
22;01;51;220151;ORELLANA;ORELLANA;DAYUMA
22;01;52;220152;ORELLANA;ORELLANA;TARACOA (CAB. EN NUEVA ESPERANZA: YUCA)
22;01;53;220153;ORELLANA;ORELLANA;ALEJANDRO LABAKA
22;01;54;220154;ORELLANA;ORELLANA;EL DORADO
22;01;55;220155;ORELLANA;ORELLANA;EL EDEN
22;01;56;220156;ORELLANA;ORELLANA;GARCIA MORENO
22;01;57;220157;ORELLANA;ORELLANA;INES ARANGO (CAB. EN WESTERN)
22;01;58;220158;ORELLANA;ORELLANA;LA BELLEZA
22;01;59;220159;ORELLANA;ORELLANA;NUEVO PARAISO (CAB. EN UNI刻 CHIMBORAZO)
22;01;60;220160;ORELLANA;ORELLANA;SAN JOSE DE GUAYUSA
22;01;61;220161;ORELLANA;ORELLANA;SAN LUIS DE ARMENIA
22;02;50;220250;ORELLANA;AGUARICO;NUEVO ROCAFUERTE
22;02;51;220251;ORELLANA;AGUARICO;CAPITAN AUGUSTO RIVADENEYRA
22;02;52;220252;ORELLANA;AGUARICO;CONONACO
22;02;53;220253;ORELLANA;AGUARICO;SANTA MARIA DE HUIRIRIMA
22;02;54;220254;ORELLANA;AGUARICO;TIPUTINI
22;02;55;220255;ORELLANA;AGUARICO;YASUNI
22;03;50;220350;ORELLANA;LA JOYA DE LOS SACHAS;LA JOYA DE LOS SACHAS
22;03;51;220351;ORELLANA;LA JOYA DE LOS SACHAS;ENOKANQUI
22;03;52;220352;ORELLANA;LA JOYA DE LOS SACHAS;POMPEYA
22;03;53;220353;ORELLANA;LA JOYA DE LOS SACHAS;SAN CARLOS
22;03;54;220354;ORELLANA;LA JOYA DE LOS SACHAS;SAN SEBASTIAN DEL COCA
22;03;55;220355;ORELLANA;LA JOYA DE LOS SACHAS;LAGO SAN PEDRO
22;03;56;220356;ORELLANA;LA JOYA DE LOS SACHAS;RUMIPAMBA
22;03;57;220357;ORELLANA;LA JOYA DE LOS SACHAS;TRES DE NOVIEMBRE
22;03;58;220358;ORELLANA;LA JOYA DE LOS SACHAS;UNION MILAGRE베
22;04;50;220450;ORELLANA;LORETO;LORETO
22;04;51;220451;ORELLANA;LORETO;AVILA (CAB. EN HUIRUNO)
22;04;52;220452;ORELLANA;LORETO;PUERTO MURIALDO
22;04;53;220453;ORELLANA;LORETO;SAN JOSE DE PAYAMINO
22;04;54;220454;ORELLANA;LORETO;SAN JOSE DE DAHUANO
22;04;55;220455;ORELLANA;LORETO;SAN VICENTE DE HUATICOCHA
23;01;50;230150;SANTO DOMINGO DE LOS TSACHILAS;SANTO DOMINGO;SANTO DOMINGO DE LOS COLORADOS
23;01;51;230151;SANTO DOMINGO DE LOS TSACHILAS;SANTO DOMINGO;ALLURIQUIN
23;01;52;230152;SANTO DOMINGO DE LOS TSACHILAS;SANTO DOMINGO;PUERTO LIMON
23;01;53;230153;SANTO DOMINGO DE LOS TSACHILAS;SANTO DOMINGO;LUZ DE AMERICA
23;01;54;230154;SANTO DOMINGO DE LOS TSACHILAS;SANTO DOMINGO;SAN JACINTO DEL BUA
23;01;55;230155;SANTO DOMINGO DE LOS TSACHILAS;SANTO DOMINGO;VALLE HERMOSO
23;01;56;230156;SANTO DOMINGO DE LOS TSACHILAS;SANTO DOMINGO;EL ESFUERZO
23;01;57;230157;SANTO DOMINGO DE LOS TSACHILAS;SANTO DOMINGO;SANTA MARIA DEL TOACHI
24;01;50;240150;SANTA ELENA;SANTA ELENA;SANTA ELENA
24;01;51;240151;SANTA ELENA;SANTA ELENA;ATAHUALPA
24;01;52;240152;SANTA ELENA;SANTA ELENA;COLONCHE
24;01;53;240153;SANTA ELENA;SANTA ELENA;CHANDUY
24;01;54;240154;SANTA ELENA;SANTA ELENA;MANGLARALTO
24;01;55;240155;SANTA ELENA;SANTA ELENA;SIMON BOLIVAR (JULIO MORENO)
24;01;56;240156;SANTA ELENA;SANTA ELENA;SAN JOSE DE ANCON
24;02;50;240250;SANTA ELENA;LA LIBERTAD;LA LIBERTAD
24;03;50;240350;SANTA ELENA;SALINAS;SALINAS
24;03;51;240351;SANTA ELENA;SALINAS;ANCONCITO
24;03;52;240352;SANTA ELENA;SALINAS;JOSE LUIS TAMAYO (MUEY)
90;01;51;900151;ZONAS NO DELIMITADAS;ZONAS NO DELIMITADAS;LAS GOLONDRINAS
90;03;51;900351;ZONAS NO DELIMITADAS;ZONAS NO DELIMITADAS;MANGA DEL CURA
90;04;51;900451;ZONAS NO DELIMITADAS;ZONAS NO DELIMITADAS;EL PIEDRERO
